ID,age
1,39.54917081648987
2,36.62162747423476
3,37.246847447472724
4,38.71317250635834
5,37.30533552887019
6,37.545821862861615
7,37.550294275733506
8,37.73321773780544
9,37.59091142418909
10,37.44650793576653
11,38.126351196750925
12,37.93800086441806
13,40.1940208086246
14,37.076424882775996
15,36.170810591348776
16,38.52187707508642
17,38.2114046972017
18,38.05918936263245
19,36.72005475998566
20,38.045917190448584
21,38.8844377989619
22,37.37225555442417
23,38.413354849288936
24,38.66684394908877
25,39.004810912525414
26,39.04007335402396
27,36.681936819764736
28,36.81666043741696
29,38.49946027783197
30,38.37566039512208
31,38.24792683128324
32,38.32413537045334
33,38.92442497079174
34,38.0061979080143
35,37.7120834964333
36,36.919625481230554
37,37.512762504364254
38,37.241835814722016
39,37.054661655566825
40,37.272537983746176
41,37.33086950663089
42,39.48600916625158
43,38.073605645402196
44,38.54185498217701
45,36.83097787510372
46,38.155492127808735
47,38.92009191412629
48,39.735904627078554
49,40.19842356533971
50,37.755324125309826
51,38.28872617034353
52,37.44223694728123
53,39.37344441454259
54,39.08247320208133
55,37.632569656053576
56,39.68806728602053
57,38.89029841804045
58,36.54410715355398
59,38.85433610931
60,37.011678640234976
61,37.86244058421493
62,38.218077447018864
63,37.01034912205929
64,37.646374823208035
65,37.42216490884232
66,38.50541551132822
67,37.99602591623213
68,36.83835346727497
69,37.71269073083312
70,39.75318807346472
71,37.92445986898415
72,36.727799723595446
73,39.095890533896764
74,38.08794991188439
75,40.15822990211681
76,39.45156930046327
77,39.448224323976284
78,40.098168023713555
79,37.932702854766525
80,39.427794093631505
81,36.70600227411364
82,38.539174579902465
83,36.47156106593692
84,37.63998433373449
85,36.59588013121715
86,35.45465946040649
87,35.955678438796916
88,37.29421001520914
89,38.282634325861444
90,37.832462319878545
91,40.28783653186379
92,38.88071925244559
93,39.42566026030836
94,36.999521306627884
95,37.79727707577297
96,37.667418985847846
97,37.86380702753578
98,39.31900512641025
99,37.74122464120357
100,39.242672874002125
101,36.24372796443616
102,37.512210127398596
103,37.579266938254264
104,39.702351182167654
105,37.927322048344834
106,37.17863999255104
107,38.62011552029473
108,38.08099818257142
109,39.31401294671989
110,37.49094011754398
111,36.87982715815734
112,38.99226641259979
113,39.03313116378507
114,37.821151529176404
115,37.24708282460635
116,39.09183464703041
117,37.42251983535921
118,37.45908851981188
119,38.22349334422672
120,38.57669025398395
121,40.394010649434534
122,37.85177322046394
123,37.10416273913482
124,37.67125709157774
125,36.164820687709664
126,37.77326567579345
127,41.416565596703606
128,39.12648350797444
129,40.92209266387228
130,37.32228565532907
131,38.92717296897718
132,38.48403891198328
133,39.630364614937676
134,37.19909891541685
135,37.438530439038544
136,38.60721161831126
137,38.804535305366166
138,39.01910752181476
139,37.78459495523369
140,40.87858425543373
141,39.50126217234863
142,37.41448960096973
143,36.79004979060692
144,38.10346270449885
145,38.44258466050183
146,37.66415052712459
147,39.445329326279506
148,37.54253030449553
149,37.064246165489905
150,39.778829606518556
151,39.163206270057444
152,38.721511705764954
153,37.132832885576114
154,38.05980862603353
155,38.56962069192033
156,36.368608102472095
157,39.312971224648734
158,37.57666993517865
159,39.46790376073817
160,38.39557378371961
161,38.249511950252
162,38.63987848025107
163,38.87853274489791
164,37.779846851765754
165,38.4650669896034
166,39.673063209446624
167,37.719629600333704
168,36.00048203254664
169,38.64349908328664
170,37.93914477890743
171,38.40806812510036
172,37.01848986077736
173,37.52389556997704
174,40.84343902154268
175,38.103166776153145
176,39.88010597761894
177,38.05175781944216
178,38.67216755000646
179,36.85811028861666
180,38.90713356451204
181,35.9667141906125
182,39.85680133260776
183,37.858202161204815
184,36.93561928054835
185,36.48202347599756
186,39.330452568623485
187,36.13814029977196
188,36.86429178840973
189,36.00594293543183
190,38.90312258865208
191,37.53730427236585
192,37.43194625041471
193,37.36414617500828
194,37.95498663030582
195,37.13321197827901
196,39.870579927011505
197,37.49145004577344
198,36.469535683596106
199,35.790907928988126
200,35.87162138982872
201,39.7396940580817
202,38.948949641251005
203,37.892447628306016
204,38.08548350436942
205,34.967024282083074
206,36.636260816574236
207,38.353418446282724
208,36.12440701836284
209,39.19469520216359
210,39.48674044424581
211,36.75785059220095
212,39.02614094264614
213,39.85544399562231
214,37.66176703011211
215,40.68879723482087
216,39.556162753706815
217,37.14757020577484
218,38.448189980126
219,38.18055608072986
220,38.50474537397457
221,39.80096431165412
222,36.73567261303535
223,36.9951177665519
224,37.85387031547221
225,38.06210096038065
226,38.82202023067436
227,37.120662269069854
228,39.70680177667866
229,38.25902615878229
230,37.7275093337564
231,38.853764555934326
232,37.10294495474047
233,38.40531044236089
234,38.74900656793179
235,37.57659763343675
236,39.51881050507758
237,38.556679464724816
238,36.53860198359485
239,36.62597894041261
240,38.22580105379549
241,37.16287811948452
242,39.10877220072369
243,35.598483653458956
244,39.61133458495165
245,37.78192369823239
246,38.00573457209852
247,36.34168229581171
248,36.84453706207058
249,38.291558878569596
250,39.309314255214716
251,39.47783864812081
252,38.83228489506419
253,38.42024767737698
254,39.10894477631217
255,37.14460802579538
256,35.13910380316251
257,38.46897307001751
258,38.11188088998071
259,38.88562620292717
260,40.02301031955344
261,37.74956298435241
262,39.00013956243771
263,38.54630783320228
264,37.30089725436273
265,39.36983565987087
266,36.81793283877637
267,38.77811507330095
268,37.92871739759261
269,38.701698742744256
270,37.77522616370484
271,38.575848545612786
272,38.77883488162044
273,37.6574666387618
274,36.75299096065251
275,36.901769107179156
276,38.29358309894103
277,37.16283192901962
278,37.79061972291018
279,38.71736277394548
280,38.41590487477488
281,37.43163093555392
282,38.335211452134004
283,37.28957237614327
284,37.1875888938834
285,37.42711056028432
286,38.08472844413869
287,37.96234819386976
288,38.27717484044426
289,38.11690835252081
290,38.29401381617079
291,38.448426325784396
292,39.16866136281773
293,39.66199245299503
294,38.93126116311183
295,38.66685264919449
296,36.52679383074789
297,37.056284309589664
298,39.074516227164196
299,37.918546349014036
300,38.2652333087348
301,37.394709493591186
302,38.34543064679219
303,39.646289693497884
304,39.21163864087333
305,36.65801213830595
306,37.91100987652029
307,37.62081069654018
308,37.50111037788176
309,37.966488431124546
310,38.28284441517356
311,39.16355405998689
312,36.035931084030416
313,36.98867249124795
314,39.221317527668475
315,37.041932744467616
316,36.18452878770708
317,38.058015381679894
318,37.68502150320661
319,36.74646223302459
320,38.168120752628184
321,38.1074211186986
322,37.30977275376877
323,36.786746055695126
324,39.584013379822906
325,38.11786039562164
326,38.53438463072541
327,38.67214743774628
328,37.98834386409845
329,38.14970373799154
330,37.88660209871544
331,38.12002309662341
332,35.73190314119795
333,38.42478740398799
334,36.19861449768307
335,38.77296840892359
336,38.01801941486116
337,38.25375373404818
338,38.970826881701925
339,38.870670623452284
340,37.472777104237586
341,36.25424107465513
342,38.249819176978235
343,37.140979371627346
344,38.00430505362919
345,36.830887143731545
346,38.49192674295333
347,38.1084568574115
348,37.65065388785056
349,37.30906842846138
350,37.89714982422717
351,37.58684094062781
352,37.64387869514529
353,38.52469215513617
354,38.65905183986142
355,39.86808188412578
356,38.4331316090508
357,40.279135372366824
358,36.94949040578469
359,34.54092311482558
360,38.14654063432265
361,37.030836500197566
362,38.53873592288873
363,37.14637000986876
364,38.71026378648425
365,39.18653293403884
366,37.15322711497021
367,39.21304378198189
368,38.36060556188791
369,37.56866117912642
370,37.99723191620629
371,38.088796343309376
372,36.0196417537758
373,36.965299839757606
374,39.153863950243675
375,36.936767084594834
376,37.787467686398685
377,36.163662551180295
378,37.25896254843211
379,37.52925316992028
380,37.8912822134952
381,39.28801754426013
382,36.639841665694014
383,38.251857252366
384,38.00205545530686
385,37.360382315568636
386,38.09742945880427
387,36.5055092788381
388,38.33160508333111
389,39.63509482442534
390,37.704859988335286
391,37.31753837711096
392,37.52780382336441
393,38.43461363555092
394,37.770236682659714
395,38.899924667001784
396,38.87108987942908
397,39.110907156915346
398,35.615944773264445
399,37.459820975737685
400,36.74017045115927
401,39.75361347460314
402,38.80747382964712
403,37.11305224359204
404,38.07741924517644
405,38.53779656901712
406,39.28275480016802
407,36.88853004971526
408,36.50710199200379
409,39.06211092172583
410,37.568970494639004
411,39.5246439593138
412,40.528124689725644
413,37.574233601849926
414,36.56539919162309
415,38.53601798020034
416,37.00797611627541
417,39.085283499011254
418,36.505434000545705
419,38.62160915266376
420,35.78404730317892
421,38.25072534788165
422,38.28148653228779
423,38.383572197874486
424,37.000797584485895
425,37.54845076799013
426,38.63337174227289
427,38.830555349664444
428,38.1816969441524
429,37.89165282957961
430,37.24328126425256
431,37.78485199034243
432,36.227379757627524
433,37.02089824277925
434,37.6266243355402
435,36.37005228704859
436,38.60199713887488
437,39.14447238496119
438,35.078532867738275
439,38.46713069615993
440,39.84164609735393
441,37.557694177870346
442,38.41796130874346
443,36.27613577976466
444,38.344082838819595
445,36.554554178830585
446,38.77109970521147
447,39.467945214907104
448,38.43595829302716
449,38.22045852241927
450,38.73923378615929
451,38.2189360786055
452,38.956773146166974
453,37.325373492324495
454,37.76379471992318
455,38.63147258516218
456,37.115663585977416
457,35.0401453001235
458,37.64303722400376
459,38.951223051519634
460,35.03990538899579
461,37.79327785853017
462,36.88067392077774
463,38.86789272612945
464,39.725945117521036
465,37.24984178239415
466,38.0200863549628
467,38.414750866709525
468,36.63634674355852
469,37.648939135736235
470,37.89207263714224
471,39.10592668202318
472,38.66767177808737
473,37.88028009543106
474,37.36069106195389
475,39.271782623681915
476,37.80984082036589
477,37.26574843575897
478,38.179697519350626
479,37.70352481826598
480,37.43194268979373
481,37.26914363833279
482,37.05465454299994
483,38.76008441167704
484,37.55420665526894
485,38.39832188757513
486,37.110453478782404
487,39.42815232400761
488,37.448422419047006
489,39.067600389097564
490,39.829773208743774
491,36.431578128309106
492,38.092232975033816
493,37.73224944699402
494,38.94673494946169
495,39.00849555140113
496,36.49413587358298
497,36.94994791574402
498,37.56077747499418
499,36.197859316690604
500,37.70718833270958
501,34.48769833436964
502,37.94036980203026
503,38.4777086335492
504,37.19268501320481
505,36.453556126363026
506,36.98000839000651
507,39.749203786837576
508,38.73070572379215
509,37.84693189123789
510,35.90687461268371
511,37.79691198557045
512,38.784529925210805
513,37.003478891171625
514,39.1294732511371
515,37.098225140686566
516,38.29487552803141
517,37.361153149725986
518,37.60932008660123
519,36.635731268397855
520,36.85672519742411
521,39.12694903570517
522,38.69179991157473
523,38.105098452028315
524,39.7606753409136
525,39.478180428550004
526,37.155829950983886
527,39.15687131887549
528,38.531495490672086
529,36.767558538277946
530,38.13464123318457
531,38.61805053635665
532,38.1301242282879
533,40.377868811831824
534,38.21589644386887
535,38.54761725451278
536,38.00047017899836
537,38.2905268005628
538,37.552495183329654
539,37.922066748687214
540,37.662443861423384
541,36.903496053955685
542,35.74782377436702
543,37.96791297571716
544,38.44738609168811
545,37.197953103852534
546,37.78589226787771
547,36.33038072980404
548,36.67167980740879
549,38.115227447343464
550,37.93709113028091
551,39.1512517734452
552,37.29364006644276
553,36.65322590917076
554,39.40465176760377
555,37.83885974473683
556,39.57791109658579
557,36.72207702296795
558,39.1137139727485
559,38.70415506921427
560,38.42160089106777
561,40.707454989984086
562,37.36442690464668
563,37.52718132269098
564,37.03381104533081
565,37.802462274269914
566,38.3131085554551
567,38.14500600746106
568,38.22648008092234
569,38.01815789150333
570,37.24354962106979
571,39.00252952557487
572,36.42771269691441
573,37.77919316423679
574,39.14641830157762
575,38.11779041627646
576,37.79505668512299
577,37.61849303095007
578,38.908771476704956
579,38.977466786925866
580,38.44353341376375
581,36.567529643380354
582,38.36217087528581
583,37.075301411654536
584,39.18182926903617
585,36.38164202203908
586,38.398906914086886
587,39.7131822885523
588,37.7678261307242
589,38.183708261399566
590,35.509104655698636
591,38.07791793963736
592,39.200183253830616
593,38.88158142879744
594,37.257204476625986
595,38.90965694054429
596,37.69099975101038
597,37.696059185147384
598,37.73245232323491
599,37.602797273333536
600,38.68585266169363
601,38.416442015993965
602,38.53788969861495
603,37.56993364170914
604,36.8726775303521
605,36.934743404938175
606,37.31052802268662
607,41.485339462998695
608,38.086744520366565
609,37.776836465469266
610,37.9031250693445
611,35.765314067600734
612,38.51920795392346
613,37.427516717185654
614,35.800259342254115
615,38.76272801480509
616,39.14074509893648
617,40.10959281361796
618,37.847979010955086
619,37.461671949272386
620,38.72605821393469
621,37.27286977593739
622,36.61980039045983
623,36.24263176689895
624,37.608282280266614
625,37.30226064168383
626,37.00449583936419
627,37.895491660966215
628,37.714886616632185
629,39.495718921063684
630,38.37228675550623
631,37.93683545185568
632,38.01715873857233
633,36.33912545223549
634,36.09687899552159
635,36.44713728140837
636,38.46975292721253
637,38.6062930664173
638,39.84811562995627
639,37.229962311475234
640,38.166309720646396
641,37.26327146911915
642,37.31069512976994
643,38.49660594548361
644,37.45895628122621
645,41.12045187116895
646,36.302266288514474
647,37.20834564633087
648,39.765048511172324
649,37.85581534312068
650,39.86917384931459
651,37.03210517317788
652,41.12377142831869
653,38.611311485316754
654,38.55752266416555
655,37.78207221215749
656,38.52868052470152
657,39.52548995358527
658,37.255335787159225
659,35.757816058158404
660,38.16399683862478
661,37.05436112938859
662,36.550699036196654
663,37.64075543066723
664,37.857551774931906
665,37.327016092121575
666,36.846523232721104
667,37.74559051160883
668,36.602329171258305
669,37.931661423552384
670,37.72435314452416
671,36.787412986514575
672,39.01328702146903
673,36.99926317376338
674,37.69958887819299
675,36.19576901999207
676,37.341465882852646
677,36.89247897170313
678,36.87538505623924
679,38.56267692215914
680,37.00637071440998
681,40.720401184686715
682,35.850542947647625
683,37.47370034826365
684,38.78256739201062
685,36.218430825355426
686,37.73284889747053
687,38.886113272294715
688,38.06138556534611
689,38.01782903617787
690,37.58520470748773
691,38.14655909749402
692,40.53205776265892
693,36.51368865299324
694,39.91850549704051
695,38.031308401180794
696,38.585428594412406
697,38.555857456783
698,39.53762304790706
699,36.47263527406467
700,39.04868046803004
701,38.48199052489782
702,40.61537694707199
703,38.95228031860446
704,36.62378527024366
705,37.665816268663995
706,36.917651035868815
707,38.31607662727074
708,37.73639733708451
709,36.27402086163474
710,38.097516758462476
711,36.94788887911966
712,39.48111452349868
713,38.818833139972575
714,36.16639190268139
715,37.038941057574796
716,39.984615047811005
717,38.40236496302974
718,37.55520535333673
719,37.762952001614465
720,37.13085220313566
721,36.13873620096214
722,37.898784333555426
723,36.007740011806334
724,37.12679247886801
725,37.710337656509026
726,37.38408636124536
727,40.83447670973207
728,36.62415951273642
729,37.697893867831056
730,38.49408074512607
731,35.80057529658909
732,37.728866169497024
733,37.14383580134442
734,37.50221598436407
735,38.59961887841429
736,40.01096799317472
737,38.08421090482008
738,37.2412558011563
739,39.853171420549415
740,38.249594748348436
741,37.487051140934845
742,38.65538568151008
743,39.18501353210971
744,39.14280032471848
745,35.981703457549465
746,38.569128303579426
747,38.73633575959731
748,39.37225406870846
749,37.62260777138371
750,37.708120079128115
751,37.92211072854241
752,39.93836688026357
753,36.17121439167778
754,38.03433976975405
755,38.71101825268207
756,36.98021062180105
757,38.215932142219316
758,37.44122395548536
759,37.194594597416454
760,37.92299773082664
761,39.65144537275065
762,38.13800642489613
763,40.14952125384197
764,37.2076079774656
765,40.26652772629444
766,38.12606209740427
767,37.26865346882873
768,37.878501033738985
769,37.709295566357014
770,36.81767621917383
771,39.90847694775432
772,37.26299575758069
773,37.165592877654056
774,37.48409995238299
775,37.3134427432201
776,38.897075006677426
777,39.74614976816749
778,40.549402486238904
779,35.81849666470835
780,37.061462490987154
781,38.557911118622314
782,38.78496039137771
783,36.82587749982078
784,35.875975488186846
785,38.93443750940441
786,37.68827482392986
787,37.904225662066466
788,38.39031321867702
789,39.2752432257237
790,38.85658781410531
791,39.11680832941544
792,37.86561123219913
793,39.712820931126934
794,36.37683733381493
795,36.372770680571406
796,38.63521600668497
797,36.67562611780097
798,36.14475475764333
799,38.016736072350824
800,38.58968050363576
801,37.69451811133169
802,37.03887307419303
803,37.17432342701983
804,38.836550889230686
805,38.575611566757956
806,37.24118117868075
807,36.97827600683552
808,40.03851613761554
809,37.995350987425134
810,37.93482811324864
811,37.51376434120608
812,37.689278225307774
813,37.98194808112111
814,39.09638516606252
815,39.20849451922721
816,37.26324740749507
817,38.95939913216422
818,38.19909079693614
819,37.09342360594209
820,38.834955780059644
821,38.30822229628537
822,38.07768695383125
823,39.90755404634878
824,36.34831949704214
825,38.16157890304692
826,37.73786309174356
827,37.073765087851584
828,38.25974102028004
829,39.62687140415389
830,37.91474209283133
831,36.99688751850997
832,37.448927975176794
833,37.06342721820644
834,39.38585142693535
835,38.46083778954464
836,38.08449584591918
837,38.43011194930129
838,36.036927612599605
839,36.66256960004547
840,38.39192778409877
841,38.31963485305272
842,38.833881944027794
843,36.93461398575696
844,39.53626167062025
845,38.19713559995357
846,39.25875610335294
847,36.441864223102215
848,39.05115026891937
849,37.51840875105172
850,37.17663194842413
851,38.996029167913626
852,38.08714392091103
853,37.89953813667786
854,37.36342979847359
855,38.36067615905206
856,37.62436168655985
857,38.26318177342412
858,36.31319654792332
859,37.39661857387322
860,39.45903715155907
861,38.55325399136332
862,36.48217337022446
863,38.077111920246566
864,36.471781471406075
865,36.4340871805621
866,37.096180887138715
867,39.73546431337594
868,39.36034457781366
869,38.16582734355674
870,37.67438370155983
871,37.67696897621622
872,37.43334092425421
873,36.04565764985888
874,36.670793576046925
875,35.458768354268926
876,38.031701705095344
877,38.0472172534112
878,38.22763027636857
879,37.37635596928043
880,39.27342872976864
881,37.42090466606476
882,37.70357391105698
883,37.28191433460667
884,36.99906123839887
885,38.44052651101788
886,37.7915170073043
887,36.63210491301859
888,38.114060370069204
889,37.286325381137495
890,37.20600191183375
891,36.87701465044643
892,35.786477852689856
893,38.69945268240022
894,37.792332789123044
895,38.57341088787678
896,38.10194065088628
897,38.63268521498733
898,37.91043499401987
899,37.55075759574686
900,37.02979303842829
901,38.631230205541414
902,37.65635309542203
903,39.20709364954685
904,37.429945056940355
905,37.104334293192764
906,37.62772293801833
907,37.74048041660163
908,37.697593568047665
909,38.89966677097281
910,36.471525591524156
911,36.15878456120306
912,37.67172155497338
913,40.07487035608516
914,38.19296796761153
915,38.710795705491265
916,37.242619624863714
917,36.11010642276037
918,38.91348643890329
919,38.36472244474149
920,38.525319853627316
921,36.71767974080917
922,36.806638468882475
923,37.19379092111767
924,38.39893908493335
925,36.57319459139233
926,38.37449671635945
927,38.13063393451682
928,38.1013719340531
929,38.43518201078655
930,40.13276816706971
931,37.791116492842164
932,38.43961573869218
933,37.27156880911002
934,40.390039879435406
935,36.44765253932914
936,37.418393297990164
937,35.85668755203368
938,39.21405202482245
939,39.02923317668816
940,38.48962664959685
941,37.02917482878526
942,39.125251265441506
943,37.70686418914576
944,38.936172892255385
945,37.39749852643438
946,36.57962310346256
947,38.02325216413178
948,37.90408269414459
949,37.45110046479761
950,37.86005035741528
951,37.48217459629358
952,38.00032616014934
953,37.3698768386232
954,38.53719602501198
955,37.82535609269178
956,37.419521351843976
957,36.431969380203725
958,37.17264999996007
959,37.82779734107134
960,37.202369536614185
961,36.36598938861147
962,39.82690779445118
963,37.469477974050626
964,38.46077398264973
965,37.41739804128852
966,38.000344365336375
967,38.00644695692375
968,38.728090129966375
969,37.05602300399914
970,38.503441491895444
971,37.4811452897361
972,37.39985489820779
973,38.08686191509199
974,37.62002481664963
975,37.82532321232131
976,38.2072297236819
977,38.968936756649896
978,38.99880066788163
979,36.97122150861972
980,38.87244520783499
981,39.29602223691273
982,36.355978680605254
983,38.52455592087918
984,37.26879695594445
985,38.042718695088
986,36.89225713464232
987,38.18224840902373
988,39.40748131361872
989,39.74932267371079
990,38.15548564011402
991,38.06882513372116
992,38.208382187103524
993,39.79640455545031
994,36.89817526855272
995,38.31968676209453
996,36.91622472280837
997,39.5632655784776
998,37.510800287979045
999,37.20627872664325
1000,38.147465828595614
1001,38.94368027901463
1002,37.25225509544845
1003,38.35784327276308
1004,38.007883094432565
1005,38.367046840923436
1006,37.23401956429616
1007,37.3034334667898
1008,38.05574789493404
1009,37.44508323483869
1010,37.63165515720846
1011,38.76858798232989
1012,38.999758642462574
1013,37.75191305081364
1014,36.79591873568099
1015,37.45431238852986
1016,35.168572724560704
1017,36.21224452990065
1018,40.725186751600575
1019,37.14795484075961
1020,36.8616109854721
1021,36.86158723555079
1022,38.24246072220508
1023,38.96211801460802
1024,37.549324615668816
1025,38.3821832930398
1026,36.49523657571813
1027,38.73952250186204
1028,39.14834463738322
1029,37.41028443921013
1030,38.62627696366839
1031,37.27876381185217
1032,34.82919828890935
1033,37.85008813100072
1034,39.75779163281789
1035,38.320268023817775
1036,37.964732801779995
1037,37.68729718111075
1038,38.74909606148959
1039,38.1355393141048
1040,37.02073738121781
1041,36.15743976182953
1042,38.19311776719717
1043,38.10618806450563
1044,39.97842480869534
1045,38.85668997606996
1046,38.191118347844125
1047,37.64650733323067
1048,39.621947048475235
1049,36.36570523023718
1050,37.49333615600851
1051,38.506741490962234
1052,37.58897076600917
1053,38.25541819814471
1054,35.57623530803912
1055,37.22725478747972
1056,38.38740599128444
1057,38.57572446207678
1058,36.1135075361564
1059,38.893870071823756
1060,38.271011964557246
1061,39.663129650476364
1062,37.14390638851172
1063,38.039318079689664
1064,37.21635934331533
1065,38.60267517480281
1066,38.971696362274955
1067,37.17594576249066
1068,38.00528509652175
1069,37.314210731155825
1070,39.35363621373551
1071,37.53601400664681
1072,38.652900031855054
1073,37.781397877586265
1074,37.906324440712154
1075,37.66939330617643
1076,38.330597921153256
1077,37.3165160034949
1078,39.65339110218783
1079,36.11381813264343
1080,37.2421371243457
1081,38.55717078509168
1082,35.73862389515854
1083,38.47630840467589
1084,39.08682219021673
1085,37.89047989776428
1086,36.901413834025426
1087,40.30666877252809
1088,36.097724205997665
1089,36.99962467493218
1090,36.88402338741676
1091,38.13609718707847
1092,38.290949278742985
1093,36.88773965067588
1094,40.07921368213789
1095,37.86940688802668
1096,38.97645123835782
1097,35.88311175822548
1098,38.07291605202399
1099,37.92857154607525
1100,38.0425425637092
1101,38.714447199134725
1102,37.56924731783519
1103,38.58271614136868
1104,40.94408022607761
1105,37.52724603864992
1106,39.26718250616624
1107,37.42978272234532
1108,36.86506255849166
1109,36.242405803386596
1110,38.721286172594326
1111,36.89264621377683
1112,37.6270384147494
1113,38.6075278113064
1114,37.93494433116827
1115,38.29753140697871
1116,37.30886593190095
1117,36.86894805616065
1118,37.279782407287925
1119,37.31004456889356
1120,35.89295083962781
1121,35.37957655933776
1122,36.04464844409924
1123,38.206929293040005
1124,38.82790945454785
1125,37.12262737063351
1126,38.26586445862601
1127,36.10552855325132
1128,38.251255899565486
1129,38.08428251610325
1130,37.959567366210706
1131,39.20936094709322
1132,37.42352477766008
1133,36.695416534337056
1134,39.94753495886235
1135,40.54665132430937
1136,36.23375394203643
1137,35.92592236610973
1138,37.08577689111285
1139,38.012115327625224
1140,39.2424838890434
1141,36.5684220377327
1142,36.577349312834784
1143,37.611212231188226
1144,38.25275965692505
1145,38.64647732068575
1146,38.24257147330954
1147,38.92902748518693
1148,37.10706748396885
1149,36.43057633673859
1150,36.00048521292542
1151,40.572055050141756
1152,37.77410506213717
1153,38.06052343312758
1154,36.461821192784456
1155,37.14791454873827
1156,37.29399046690665
1157,36.1006505635229
1158,38.42172046557931
1159,37.49144195078199
1160,35.77100070611404
1161,39.91316153575329
1162,35.954119856774426
1163,37.29163031866614
1164,37.35737698152357
1165,37.7949998285154
1166,35.683390563224066
1167,38.660660522782365
1168,36.39741765367579
1169,35.390818477752134
1170,36.58744527988272
1171,39.07644372558595
1172,37.084413534307956
1173,40.08362698507338
1174,38.319490357923215
1175,36.66932088260799
1176,37.59878141673478
1177,37.892018441520044
1178,38.57244055822295
1179,37.758751594956465
1180,38.16701208842569
1181,38.18013983825696
1182,37.90281532513321
1183,37.83667074343627
1184,36.08182857657565
1185,38.410995833902454
1186,36.941487797146635
1187,37.13147768310954
1188,38.72791581895396
1189,37.28110213355115
1190,39.74371508260616
1191,36.79118529322884
1192,39.13100451458525
1193,37.459421780802344
1194,37.40648413223519
1195,38.41766688763906
1196,39.044178262515615
1197,37.64564304258322
1198,40.058347470484925
1199,38.285289166257215
1200,38.39486513598199
1201,36.79512290720291
1202,40.49141624958071
1203,37.732751306972446
1204,35.14166315945389
1205,38.000022932241606
1206,38.613161963439055
1207,36.90441330978906
1208,38.16447594022034
1209,37.48027891117189
1210,37.84928997365654
1211,37.412854138779295
1212,36.21336397680089
1213,37.779793683239305
1214,37.84414344712527
1215,38.44624462177961
1216,39.56920964073084
1217,37.56515782693902
1218,36.58141697129758
1219,39.268980338395195
1220,39.69295661017022
1221,39.22613180523283
1222,39.60237570736543
1223,38.70132960318473
1224,37.691200910632446
1225,39.88228287791177
1226,37.72836494749939
1227,36.75055262885381
1228,40.3545470643804
1229,38.288524733545714
1230,38.008607727010485
1231,37.22327500183768
1232,37.47812974239081
1233,38.15215184879383
1234,36.049344035658756
1235,38.142459110266586
1236,38.83120014949018
1237,39.82902121509524
1238,37.8540342997443
1239,38.209273534088815
1240,38.274736424389445
1241,38.51153495305194
1242,39.03367241145746
1243,38.353749047084065
1244,37.714100446458424
1245,37.710768040587254
1246,38.65655014227815
1247,38.204988127839286
1248,38.59753371606691
1249,37.32834392949188
1250,37.34506854967629
1251,39.333741850489986
1252,37.81002340005098
1253,37.76884496474036
1254,37.518319239502574
1255,37.4576242227311
1256,39.42480220361212
1257,36.7831852667091
1258,37.18465956682876
1259,36.922918466105344
1260,39.270402128266156
1261,39.38402438145285
1262,38.229644187086684
1263,37.38710788491902
1264,37.21939081537369
1265,38.01280260121835
1266,38.388032545030924
1267,39.09722218248543
1268,37.09166747257758
1269,39.04433958501991
1270,37.64997155089903
1271,39.46652260268253
1272,37.23244657082554
1273,37.76283694997061
1274,38.82368912589038
1275,37.49313043159299
1276,38.64910055483318
1277,36.99144405432934
1278,36.81447512895895
1279,36.70335080573373
1280,37.25078823737497
1281,40.55187397402395
1282,36.581673192772655
1283,34.842666919961715
1284,37.76667656913344
1285,39.10704363113055
1286,40.01038711519695
1287,38.423677796515676
1288,34.29375025995329
1289,36.919153331788074
1290,37.576063482326205
1291,37.37154669402004
1292,39.42387156605847
1293,38.43221678634591
1294,39.58793146050455
1295,37.381291206809124
1296,38.75225678339966
1297,37.30255114960444
1298,38.58530371261219
1299,37.78169212276495
1300,38.17802242197375
1301,38.972998103486354
1302,38.22063374175614
1303,38.996909416740316
1304,37.3995031704072
1305,39.03846136955529
1306,38.12373915636056
1307,39.17320625739227
1308,37.96777581470953
1309,37.56374986500337
1310,37.72566060681899
1311,37.102571645359134
1312,40.367686968005145
1313,37.75956739320399
1314,37.97401374631171
1315,38.89548470511644
1316,38.98077012579065
1317,39.30152293102385
1318,36.50424561052027
1319,38.33096775135347
1320,38.92812795130925
1321,38.978437807417535
1322,37.722042246740855
1323,38.74139151980939
1324,37.66030764152906
1325,38.22404606705458
1326,34.58701931418419
1327,36.41442586273465
1328,38.07833232753056
1329,37.82451061476419
1330,38.12131762679647
1331,38.5422033851804
1332,38.23565293495668
1333,36.937195087501806
1334,38.63061850424381
1335,38.34793921834289
1336,36.66264456840206
1337,36.92405488609308
1338,39.019467166348875
1339,40.90672627837972
1340,39.419453906908444
1341,37.89429267184664
1342,37.4117192088068
1343,37.78475670869399
1344,39.00048968784967
1345,40.64625681353455
1346,38.05073792342539
1347,34.94099631101036
1348,38.52434397279808
1349,37.85482869951055
1350,36.89077382577088
1351,39.31549511561529
1352,38.39146915514017
1353,39.12088777560155
1354,38.35080129885863
1355,37.78144374460712
1356,38.03583607796966
1357,38.54310853588662
1358,38.75931675188786
1359,36.950773957457876
1360,38.455391340977116
1361,37.35160424536185
1362,39.52999093999772
1363,37.74409993726825
1364,36.57531318837019
1365,38.45164261704426
1366,37.13252872141081
1367,38.79197640685055
1368,38.06080373510598
1369,37.71037040084065
1370,38.90324912556484
1371,38.067918052463725
1372,39.48505547429265
1373,38.75023967132247
1374,38.35500875971258
1375,38.03123841415308
1376,40.2329816534419
1377,39.13688965458039
1378,36.737334198168384
1379,38.206590099157935
1380,36.7467244020283
1381,37.69271565559917
1382,38.215168716108025
1383,39.144952711101354
1384,37.23718350478078
1385,35.19762335002325
1386,38.857029332009986
1387,38.66365364568834
1388,37.43874770274324
1389,37.053875299162335
1390,37.51054668309367
1391,35.31692385505364
1392,39.236337253856476
1393,35.55411393389211
1394,36.52542513947066
1395,38.58472087052527
1396,38.74991513489836
1397,39.536247734190084
1398,36.37502631606615
1399,37.75447024539301
1400,36.88843518292548
1401,38.5694421111058
1402,38.281046722325584
1403,37.76480893784638
1404,38.20895971821486
1405,37.40794281779114
1406,37.01302203594486
1407,35.39761183398822
1408,39.03157222273897
1409,38.20122045847242
